[{"identifier":{"id":"formulahendry.auto-complete-tag","uuid":"366a9f01-2d1b-48b9-b7df-014ff8dea46b"},"version":"0.1.0","location":{"$mid":1,"path":"/c:/Users/user/.vscode/extensions/formulahendry.auto-complete-tag-0.1.0","scheme":"file"},"relativeLocation":"formulahendry.auto-complete-tag-0.1.0","metadata":{"installedTimestamp":1750929417990,"pinned":false,"source":"gallery","id":"366a9f01-2d1b-48b9-b7df-014ff8dea46b","publisherId":"38bbe3f0-5204-4170-845e-c2f966d979b8","publisherDisplayName":"Jun Han","targetPlatform":"undefined","updated":false,"private":false,"isPreReleaseVersion":false,"hasPreReleaseVersion":false}},{"identifier":{"id":"formulahendry.auto-rename-tag","uuid":"6e440e71-8ed9-4f25-bb78-4b13096b8a03"},"version":"0.1.10","location":{"$mid":1,"path":"/c:/Users/user/.vscode/extensions/formulahendry.auto-rename-tag-0.1.10","scheme":"file"},"relativeLocation":"formulahendry.auto-rename-tag-0.1.10","metadata":{"installedTimestamp":1750929417991,"pinned":false,"source":"gallery","id":"6e440e71-8ed9-4f25-bb78-4b13096b8a03","publisherId":"38bbe3f0-5204-4170-845e-c2f966d979b8","publisherDisplayName":"Jun Han","targetPlatform":"undefined","updated":false,"private":false,"isPreReleaseVersion":false,"hasPreReleaseVersion":false}},{"identifier":{"id":"mrmlnc.vscode-scss","uuid":"beb68b20-7c55-471c-9b63-3486f9423566"},"version":"0.10.0","location":{"$mid":1,"path":"/c:/Users/user/.vscode/extensions/mrmlnc.vscode-scss-0.10.0","scheme":"file"},"relativeLocation":"mrmlnc.vscode-scss-0.10.0","metadata":{"installedTimestamp":1750929569296,"pinned":false,"source":"gallery","id":"beb68b20-7c55-471c-9b63-3486f9423566","publisherId":"c958976e-9702-4f1a-8bdf-26b7bc012d65","publisherDisplayName":"mrmlnc","targetPlatform":"undefined","updated":false,"private":false,"isPreReleaseVersion":false,"hasPreReleaseVersion":false}},{"identifier":{"id":"oderwat.indent-rainbow","uuid":"eaa2127d-cb69-4ab9-8505-a60c9ee5f28b"},"version":"8.3.1","location":{"$mid":1,"path":"/c:/Users/user/.vscode/extensions/oderwat.indent-rainbow-8.3.1","scheme":"file"},"relativeLocation":"oderwat.indent-rainbow-8.3.1","metadata":{"installedTimestamp":1750929799150,"pinned":false,"source":"gallery","id":"eaa2127d-cb69-4ab9-8505-a60c9ee5f28b","publisherId":"ac064ae0-224d-4351-9aa4-45ef7bf3ed21","publisherDisplayName":"oderwat","targetPlatform":"undefined","updated":false,"private":false,"isPreReleaseVersion":false,"hasPreReleaseVersion":false}},{"identifier":{"id":"aaron-bond.better-comments","uuid":"7a0110bb-231a-4598-aa1b-0769ea46d28b"},"version":"3.0.2","location":{"$mid":1,"path":"/c:/Users/user/.vscode/extensions/aaron-bond.better-comments-3.0.2","scheme":"file"},"relativeLocation":"aaron-bond.better-comments-3.0.2","metadata":{"installedTimestamp":1750929823084,"pinned":false,"source":"gallery","id":"7a0110bb-231a-4598-aa1b-0769ea46d28b","publisherId":"02145bab-b083-4d1e-b8ec-08d7abdd68da","publisherDisplayName":"Aaron Bond","targetPlatform":"undefined","updated":false,"private":false,"isPreReleaseVersion":false,"hasPreReleaseVersion":false}},{"identifier":{"id":"spywhere.guides","uuid":"38ad8277-d23f-4cfc-becf-c77e41c3f2ee"},"version":"0.9.3","location":{"$mid":1,"path":"/c:/Users/user/.vscode/extensions/spywhere.guides-0.9.3","scheme":"file"},"relativeLocation":"spywhere.guides-0.9.3","metadata":{"installedTimestamp":1750929869791,"pinned":false,"source":"gallery","id":"38ad8277-d23f-4cfc-becf-c77e41c3f2ee","publisherId":"a5361b58-6751-40c0-99c8-ade4827e6ece","publisherDisplayName":"spywhere","targetPlatform":"undefined","updated":false,"private":false,"isPreReleaseVersion":false,"hasPreReleaseVersion":false}},{"identifier":{"id":"box-of-hats.bemhelper","uuid":"497ad7f8-dc67-422b-ad62-258d31f76728"},"version":"2.0.0","location":{"$mid":1,"path":"/c:/Users/user/.vscode/extensions/box-of-hats.bemhelper-2.0.0","scheme":"file"},"relativeLocation":"box-of-hats.bemhelper-2.0.0","metadata":{"installedTimestamp":1750929888731,"pinned":false,"source":"gallery","id":"497ad7f8-dc67-422b-ad62-258d31f76728","publisherId":"dd591033-3885-4c57-b7d0-858492ae93b2","publisherDisplayName":"Box-Of-Hats","targetPlatform":"undefined","updated":false,"private":false,"isPreReleaseVersion":false,"hasPreReleaseVersion":false}},{"identifier":{"id":"pucelle.vscode-css-navigation","uuid":"f97a6398-d553-44cf-9ebf-54e8dbf8d3fb"},"version":"2.3.9","location":{"$mid":1,"path":"/c:/Users/user/.vscode/extensions/pucelle.vscode-css-navigation-2.3.9","scheme":"file"},"relativeLocation":"pucelle.vscode-css-navigation-2.3.9","metadata":{"installedTimestamp":1750929918609,"pinned":false,"source":"gallery","id":"f97a6398-d553-44cf-9ebf-54e8dbf8d3fb","publisherId":"7650fded-a9d9-4383-a346-4136ebe47608","publisherDisplayName":"pucelle","targetPlatform":"undefined","updated":false,"private":false,"isPreReleaseVersion":false,"hasPreReleaseVersion":false}},{"identifier":{"id":"diz.ecsstractor-port","uuid":"4cddf035-c6d4-49a5-961e-dbc89ebd1e58"},"version":"0.0.3","location":{"$mid":1,"path":"/c:/Users/user/.vscode/extensions/diz.ecsstractor-port-0.0.3","scheme":"file"},"relativeLocation":"diz.ecsstractor-port-0.0.3","metadata":{"installedTimestamp":1750930011484,"pinned":false,"source":"gallery","id":"4cddf035-c6d4-49a5-961e-dbc89ebd1e58","publisherId":"bb356fc2-7bbe-45a5-bfa7-0acfb30434bd","publisherDisplayName":"diz","targetPlatform":"undefined","updated":false,"private":false,"isPreReleaseVersion":false,"hasPreReleaseVersion":false}},{"identifier":{"id":"bracketpaircolordlw.bracket-pair-color-dlw","uuid":"0dedb7c6-8c0a-4eb3-a66e-28f110e24973"},"version":"0.0.6","location":{"$mid":1,"path":"/c:/Users/user/.vscode/extensions/bracketpaircolordlw.bracket-pair-color-dlw-0.0.6","scheme":"file"},"relativeLocation":"bracketpaircolordlw.bracket-pair-color-dlw-0.0.6","metadata":{"installedTimestamp":1750930368225,"pinned":false,"source":"gallery","id":"0dedb7c6-8c0a-4eb3-a66e-28f110e24973","publisherId":"0ebee9a5-742e-4f83-bd82-d8c3153126d4","publisherDisplayName":"Bracket Pair Color DLW","targetPlatform":"undefined","updated":false,"private":false,"isPreReleaseVersion":false,"hasPreReleaseVersion":false}},{"identifier":{"id":"formulahendry.auto-close-tag","uuid":"d3836729-9cc1-42c1-b2af-d50071f57d29"},"version":"0.5.15","location":{"$mid":1,"path":"/c:/Users/user/.vscode/extensions/formulahendry.auto-close-tag-0.5.15","scheme":"file"},"relativeLocation":"formulahendry.auto-close-tag-0.5.15","metadata":{"installedTimestamp":1750930533889,"pinned":false,"source":"gallery","id":"d3836729-9cc1-42c1-b2af-d50071f57d29","publisherId":"38bbe3f0-5204-4170-845e-c2f966d979b8","publisherDisplayName":"Jun Han","targetPlatform":"undefined","updated":false,"private":false,"isPreReleaseVersion":false,"hasPreReleaseVersion":false}},{"identifier":{"id":"kisstkondoros.vscode-gutter-preview","uuid":"eedfd044-d5ac-4389-973d-3ac1fdb98ad5"},"version":"0.32.2","location":{"$mid":1,"path":"/c:/Users/user/.vscode/extensions/kisstkondoros.vscode-gutter-preview-0.32.2","scheme":"file"},"relativeLocation":"kisstkondoros.vscode-gutter-preview-0.32.2","metadata":{"installedTimestamp":1750930926804,"pinned":false,"source":"gallery","id":"eedfd044-d5ac-4389-973d-3ac1fdb98ad5","publisherId":"87e3e2a4-ac17-425a-a4b6-698bc44254fe","publisherDisplayName":"Kiss Tamás","targetPlatform":"undefined","updated":false,"private":false,"isPreReleaseVersion":false,"hasPreReleaseVersion":false}},{"identifier":{"id":"alefragnani.project-manager","uuid":"1b747f06-3789-4ebd-ac99-f1fe430c3347"},"version":"12.8.0","location":{"$mid":1,"path":"/c:/Users/user/.vscode/extensions/alefragnani.project-manager-12.8.0","scheme":"file"},"relativeLocation":"alefragnani.project-manager-12.8.0","metadata":{"installedTimestamp":1750930976396,"pinned":false,"source":"gallery","id":"1b747f06-3789-4ebd-ac99-f1fe430c3347","publisherId":"3fbdef65-bdf5-4723-aeaf-9e12a50546ef","publisherDisplayName":"Alessandro Fragnani","targetPlatform":"undefined","updated":false,"private":false,"isPreReleaseVersion":false,"hasPreReleaseVersion":false}},{"identifier":{"id":"joloyonaha.scss-bem-support","uuid":"858da2eb-7042-4bfc-88f0-f3df36119baa"},"version":"0.0.8","location":{"$mid":1,"path":"/c:/Users/user/.vscode/extensions/joloyonaha.scss-bem-support-0.0.8","scheme":"file"},"relativeLocation":"joloyonaha.scss-bem-support-0.0.8","metadata":{"installedTimestamp":1750931059396,"pinned":false,"source":"gallery","id":"858da2eb-7042-4bfc-88f0-f3df36119baa","publisherId":"3f1d3525-5ef0-4b54-a89d-ebda3c945b89","publisherDisplayName":"Jolo Yonaha","targetPlatform":"undefined","updated":false,"private":false,"isPreReleaseVersion":false,"hasPreReleaseVersion":false}},{"identifier":{"id":"humy2833.ftp-simple","uuid":"a1c4713c-cd10-4fbb-9c13-c3adec03b40f"},"version":"0.7.6","location":{"$mid":1,"path":"/c:/Users/user/.vscode/extensions/humy2833.ftp-simple-0.7.6","scheme":"file"},"relativeLocation":"humy2833.ftp-simple-0.7.6","metadata":{"installedTimestamp":1750931127512,"pinned":false,"source":"gallery","id":"a1c4713c-cd10-4fbb-9c13-c3adec03b40f","publisherId":"a81969e8-8b1a-491a-838c-47ac8d73e8df","publisherDisplayName":"humy2833","targetPlatform":"undefined","updated":false,"private":false,"isPreReleaseVersion":false,"hasPreReleaseVersion":false}},{"identifier":{"id":"jock.svg","uuid":"4ae6dc82-7981-4f10-bd81-2d72aec37f39"},"version":"1.5.4","location":{"$mid":1,"path":"/c:/Users/user/.vscode/extensions/jock.svg-1.5.4","scheme":"file"},"relativeLocation":"jock.svg-1.5.4","metadata":{"installedTimestamp":1750931178046,"pinned":false,"source":"gallery","id":"4ae6dc82-7981-4f10-bd81-2d72aec37f39","publisherId":"f01a7894-535b-451f-980b-1a4bee6d63f3","publisherDisplayName":"jock","targetPlatform":"undefined","updated":false,"private":false,"isPreReleaseVersion":false,"hasPreReleaseVersion":false}},{"identifier":{"id":"nkokhelox.svg-font-previewer","uuid":"0547c97a-ed64-4bee-8ff4-080aa61aa7af"},"version":"2.1.4","location":{"$mid":1,"path":"/c:/Users/user/.vscode/extensions/nkokhelox.svg-font-previewer-2.1.4","scheme":"file"},"relativeLocation":"nkokhelox.svg-font-previewer-2.1.4","metadata":{"installedTimestamp":1750931199688,"pinned":false,"source":"gallery","id":"0547c97a-ed64-4bee-8ff4-080aa61aa7af","publisherId":"f11f67a0-778c-4e67-81d8-988f7b9d2f8c","publisherDisplayName":"nkokhelox","targetPlatform":"undefined","updated":false,"private":false,"isPreReleaseVersion":false,"hasPreReleaseVersion":false}},{"identifier":{"id":"donjayamanne.jquerysnippets","uuid":"99c12a52-ff68-4e9d-a975-a67556fee2f5"},"version":"0.0.1","location":{"$mid":1,"path":"/c:/Users/user/.vscode/extensions/donjayamanne.jquerysnippets-0.0.1","scheme":"file"},"relativeLocation":"donjayamanne.jquerysnippets-0.0.1","metadata":{"installedTimestamp":1750931242737,"pinned":false,"source":"gallery","id":"99c12a52-ff68-4e9d-a975-a67556fee2f5","publisherId":"1ba8bd00-2ad1-4be0-a007-5b4b954c1ee7","publisherDisplayName":"Don Jayamanne","targetPlatform":"undefined","updated":false,"private":false,"isPreReleaseVersion":false,"hasPreReleaseVersion":false}},{"identifier":{"id":"akamud.vscode-javascript-snippet-pack","uuid":"510e1d4e-1f9e-4910-8dbd-627c6f8a9791"},"version":"0.1.6","location":{"$mid":1,"path":"/c:/Users/user/.vscode/extensions/akamud.vscode-javascript-snippet-pack-0.1.6","scheme":"file"},"relativeLocation":"akamud.vscode-javascript-snippet-pack-0.1.6","metadata":{"installedTimestamp":1750931258650,"pinned":false,"source":"gallery","id":"510e1d4e-1f9e-4910-8dbd-627c6f8a9791","publisherId":"1a680e61-b64e-4eff-bbbb-2085b0618f52","publisherDisplayName":"Mahmoud Ali","targetPlatform":"undefined","updated":false,"private":false,"isPreReleaseVersion":false,"hasPreReleaseVersion":false}},{"identifier":{"id":"mulu-github.jsflowchart","uuid":"06b91dd0-c1bc-4d50-9404-dc26d6967ba1"},"version":"0.1.6","location":{"$mid":1,"path":"/c:/Users/user/.vscode/extensions/mulu-github.jsflowchart-0.1.6","scheme":"file"},"relativeLocation":"mulu-github.jsflowchart-0.1.6","metadata":{"installedTimestamp":1750931273220,"pinned":false,"source":"gallery","id":"06b91dd0-c1bc-4d50-9404-dc26d6967ba1","publisherId":"a9b4b7fd-8a9e-47dd-8e42-c44872aff120","publisherDisplayName":"MULU-github","targetPlatform":"undefined","updated":false,"private":false,"isPreReleaseVersion":false,"hasPreReleaseVersion":false}},{"identifier":{"id":"nkzq.nojquery-snippets","uuid":"88c14d3f-43f3-409b-80c2-11b5badefc34"},"version":"0.1.3","location":{"$mid":1,"path":"/c:/Users/user/.vscode/extensions/nkzq.nojquery-snippets-0.1.3","scheme":"file"},"relativeLocation":"nkzq.nojquery-snippets-0.1.3","metadata":{"installedTimestamp":1750931295184,"pinned":false,"source":"gallery","id":"88c14d3f-43f3-409b-80c2-11b5badefc34","publisherId":"17bbbcbc-4246-404d-ae01-bbeca847f2a9","publisherDisplayName":"Nkzq","targetPlatform":"undefined","updated":false,"private":false,"isPreReleaseVersion":false,"hasPreReleaseVersion":false}},{"identifier":{"id":"dbaeumer.vscode-eslint","uuid":"583b2b34-2c1e-4634-8c0b-0b82e283ea3a"},"version":"3.0.10","location":{"$mid":1,"path":"/c:/Users/user/.vscode/extensions/dbaeumer.vscode-eslint-3.0.10","scheme":"file"},"relativeLocation":"dbaeumer.vscode-eslint-3.0.10","metadata":{"installedTimestamp":1750931308392,"pinned":false,"source":"gallery","id":"583b2b34-2c1e-4634-8c0b-0b82e283ea3a","publisherId":"29859a75-d81b-4f0e-8578-2c80ecee6f99","publisherDisplayName":"Microsoft","targetPlatform":"undefined","updated":false,"private":false,"isPreReleaseVersion":false,"hasPreReleaseVersion":false}},{"identifier":{"id":"formulahendry.code-runner","uuid":"a6a0c5b2-d078-4bf5-a9ee-4e37054414b3"},"version":"0.12.2","location":{"$mid":1,"path":"/c:/Users/user/.vscode/extensions/formulahendry.code-runner-0.12.2","scheme":"file"},"relativeLocation":"formulahendry.code-runner-0.12.2","metadata":{"installedTimestamp":1750931347289,"pinned":false,"source":"gallery","id":"a6a0c5b2-d078-4bf5-a9ee-4e37054414b3","publisherId":"38bbe3f0-5204-4170-845e-c2f966d979b8","publisherDisplayName":"Jun Han","targetPlatform":"undefined","updated":false,"private":false,"isPreReleaseVersion":false,"hasPreReleaseVersion":false}},{"identifier":{"id":"slevesque.vscode-multiclip","uuid":"5656e382-e596-43f1-9bfa-61dda3d36cd3"},"version":"0.1.5","location":{"$mid":1,"path":"/c:/Users/user/.vscode/extensions/slevesque.vscode-multiclip-0.1.5","scheme":"file"},"relativeLocation":"slevesque.vscode-multiclip-0.1.5","metadata":{"installedTimestamp":1750931371164,"pinned":false,"source":"gallery","id":"5656e382-e596-43f1-9bfa-61dda3d36cd3","publisherId":"30cbfd41-b05d-4739-9271-f782deb68b9e","publisherDisplayName":"slevesque","targetPlatform":"undefined","updated":false,"private":false,"isPreReleaseVersion":false,"hasPreReleaseVersion":false}},{"identifier":{"id":"wordpresstoolbox.wordpress-toolbox","uuid":"87b7ee15-39a4-4bbe-b4b8-86718c151964"},"version":"1.3.16","location":{"$mid":1,"path":"/c:/Users/user/.vscode/extensions/wordpresstoolbox.wordpress-toolbox-1.3.16","scheme":"file"},"relativeLocation":"wordpresstoolbox.wordpress-toolbox-1.3.16","metadata":{"installedTimestamp":1750931392252,"pinned":false,"source":"gallery","id":"87b7ee15-39a4-4bbe-b4b8-86718c151964","publisherId":"12b386ef-e025-4251-b0a9-c049b1967074","publisherDisplayName":"Elev8 Web Studio","targetPlatform":"undefined","updated":false,"private":false,"isPreReleaseVersion":false,"hasPreReleaseVersion":false}},{"identifier":{"id":"pavlo-k.better-google-fonts","uuid":"249b595e-1065-48ef-bc5b-92e027e28532"},"version":"0.1.1","location":{"$mid":1,"path":"/c:/Users/user/.vscode/extensions/pavlo-k.better-google-fonts-0.1.1","scheme":"file"},"relativeLocation":"pavlo-k.better-google-fonts-0.1.1","metadata":{"installedTimestamp":1750931426654,"pinned":false,"source":"gallery","id":"249b595e-1065-48ef-bc5b-92e027e28532","publisherId":"fad5e536-08ac-4d15-8e4e-8b92cf8ab126","publisherDisplayName":"Pavlo Krovitskyi","targetPlatform":"undefined","updated":false,"private":false,"isPreReleaseVersion":false,"hasPreReleaseVersion":false}},{"identifier":{"id":"eamodio.gitlens","uuid":"4de763bd-505d-4978-9575-2b7696ecf94e"},"version":"17.2.0","location":{"$mid":1,"path":"/c:/Users/user/.vscode/extensions/eamodio.gitlens-17.2.0","scheme":"file"},"relativeLocation":"eamodio.gitlens-17.2.0","metadata":{"installedTimestamp":1750931463699,"pinned":false,"source":"gallery","id":"4de763bd-505d-4978-9575-2b7696ecf94e","publisherId":"678d198b-9b2e-49d3-96ff-6d801c9575df","publisherDisplayName":"GitKraken","targetPlatform":"undefined","updated":false,"private":false,"isPreReleaseVersion":false,"hasPreReleaseVersion":false}},{"identifier":{"id":"pkief.material-icon-theme","uuid":"5db78037-f674-459f-a236-db622c427c5b"},"version":"5.24.0","location":{"$mid":1,"path":"/c:/Users/user/.vscode/extensions/pkief.material-icon-theme-5.24.0","scheme":"file"},"relativeLocation":"pkief.material-icon-theme-5.24.0","metadata":{"installedTimestamp":1750931795237,"pinned":false,"source":"gallery","id":"5db78037-f674-459f-a236-db622c427c5b","publisherId":"f9e5bc2f-fea1-4075-917f-d83e01e69f56","publisherDisplayName":"Philipp Kief","targetPlatform":"undefined","updated":false,"private":false,"isPreReleaseVersion":false,"hasPreReleaseVersion":false,"preRelease":false}},{"identifier":{"id":"bradgashler.htmltagwrap","uuid":"c16f95f6-9b42-4a24-9bf4-245d4ea54fc5"},"version":"1.0.0","location":{"$mid":1,"path":"/c:/Users/user/.vscode/extensions/bradgashler.htmltagwrap-1.0.0","scheme":"file"},"relativeLocation":"bradgashler.htmltagwrap-1.0.0","metadata":{"installedTimestamp":1750932373409,"pinned":false,"source":"gallery","id":"c16f95f6-9b42-4a24-9bf4-245d4ea54fc5","publisherId":"ca7f8bd1-9975-4624-9507-225609f5193f","publisherDisplayName":"Brad Gashler","targetPlatform":"undefined","updated":false,"private":false,"isPreReleaseVersion":false,"hasPreReleaseVersion":false}},{"identifier":{"id":"mrezechi3l.css-responsive","uuid":"fd8a9f54-93ad-43eb-9ebf-8e1172dac375"},"version":"1.1.2","location":{"$mid":1,"path":"/c:/Users/user/.vscode/extensions/mrezechi3l.css-responsive-1.1.2","scheme":"file"},"relativeLocation":"mrezechi3l.css-responsive-1.1.2","metadata":{"installedTimestamp":1750932449690,"pinned":false,"source":"gallery","id":"fd8a9f54-93ad-43eb-9ebf-8e1172dac375","publisherId":"0e4e61bc-5eac-4f26-82d2-2472c485ce98","publisherDisplayName":"MrEzechi3l","targetPlatform":"undefined","updated":false,"private":false,"isPreReleaseVersion":false,"hasPreReleaseVersion":false}},{"identifier":{"id":"dzhavat.css-flexbox-cheatsheet","uuid":"5f70f405-914a-43f6-b8ff-740495ee6b34"},"version":"3.3.4","location":{"$mid":1,"path":"/c:/Users/user/.vscode/extensions/dzhavat.css-flexbox-cheatsheet-3.3.4","scheme":"file"},"relativeLocation":"dzhavat.css-flexbox-cheatsheet-3.3.4","metadata":{"installedTimestamp":1750932464602,"pinned":false,"source":"gallery","id":"5f70f405-914a-43f6-b8ff-740495ee6b34","publisherId":"2797277f-872f-4cae-81df-5756e648c817","publisherDisplayName":"Dzhavat Ushev","targetPlatform":"undefined","updated":false,"private":false,"isPreReleaseVersion":false,"hasPreReleaseVersion":false}},{"identifier":{"id":"solnurkarim.html-to-css-autocompletion","uuid":"952c34d4-9a88-4760-8f5d-3ed5093443c9"},"version":"1.1.2","location":{"$mid":1,"path":"/c:/Users/user/.vscode/extensions/solnurkarim.html-to-css-autocompletion-1.1.2","scheme":"file"},"relativeLocation":"solnurkarim.html-to-css-autocompletion-1.1.2","metadata":{"installedTimestamp":1750932483843,"pinned":false,"source":"gallery","id":"952c34d4-9a88-4760-8f5d-3ed5093443c9","publisherId":"0085b00a-b174-4418-b15a-fa61478d703c","publisherDisplayName":"solnurkarim","targetPlatform":"undefined","updated":false,"private":false,"isPreReleaseVersion":false,"hasPreReleaseVersion":false}},{"identifier":{"id":"sainoba.px-to-rem","uuid":"ceff1db7-ccbb-4835-8056-635a65428818"},"version":"1.3.1","location":{"$mid":1,"path":"/c:/Users/user/.vscode/extensions/sainoba.px-to-rem-1.3.1","scheme":"file"},"relativeLocation":"sainoba.px-to-rem-1.3.1","metadata":{"installedTimestamp":1750932504491,"pinned":false,"source":"gallery","id":"ceff1db7-ccbb-4835-8056-635a65428818","publisherId":"1122c586-3a35-4f4d-9fc6-8f1810710c9a","publisherDisplayName":"Marco N","targetPlatform":"undefined","updated":false,"private":false,"isPreReleaseVersion":false,"hasPreReleaseVersion":false}},{"identifier":{"id":"moshfeu.compare-folders","uuid":"03241f90-1c77-402a-b17f-1d3cee943969"},"version":"0.25.1","location":{"$mid":1,"path":"/c:/Users/user/.vscode/extensions/moshfeu.compare-folders-0.25.1","scheme":"file"},"relativeLocation":"moshfeu.compare-folders-0.25.1","metadata":{"installedTimestamp":1750932545489,"pinned":false,"source":"gallery","id":"03241f90-1c77-402a-b17f-1d3cee943969","publisherId":"e30c3e94-4134-42b2-8f1e-47fa4a443c8d","publisherDisplayName":"MoshFeu","targetPlatform":"undefined","updated":false,"private":false,"isPreReleaseVersion":false,"hasPreReleaseVersion":false}},{"identifier":{"id":"hancel.google-translate","uuid":"eb4df9c1-f1e9-4f1d-a28c-1cde16bb8767"},"version":"1.2.9","location":{"$mid":1,"path":"/c:/Users/user/.vscode/extensions/hancel.google-translate-1.2.9","scheme":"file"},"relativeLocation":"hancel.google-translate-1.2.9","metadata":{"installedTimestamp":1750932618801,"pinned":false,"source":"gallery","id":"eb4df9c1-f1e9-4f1d-a28c-1cde16bb8767","publisherId":"437ff75f-5d54-4b95-b21f-361dd6b52363","publisherDisplayName":"Hancel.Lin","targetPlatform":"undefined","updated":false,"private":false,"isPreReleaseVersion":false,"hasPreReleaseVersion":false}},{"identifier":{"id":"lior-chamla.google-fonts","uuid":"a9b8f02e-09f1-4a8a-9fb3-e233d3dd20ff"},"version":"0.0.1","location":{"$mid":1,"path":"/c:/Users/user/.vscode/extensions/lior-chamla.google-fonts-0.0.1","scheme":"file"},"relativeLocation":"lior-chamla.google-fonts-0.0.1","metadata":{"installedTimestamp":1750932705077,"pinned":false,"source":"gallery","id":"a9b8f02e-09f1-4a8a-9fb3-e233d3dd20ff","publisherId":"41ca77aa-0920-4022-bccf-3fc9b433550c","publisherDisplayName":"Lior CHAMLA","targetPlatform":"undefined","updated":false,"private":false,"isPreReleaseVersion":false,"hasPreReleaseVersion":false}},{"identifier":{"id":"anteprimorac.html-end-tag-labels","uuid":"373a8fcf-9125-4d72-807d-f98890a552d8"},"version":"1.0.0","location":{"$mid":1,"path":"/c:/Users/user/.vscode/extensions/anteprimorac.html-end-tag-labels-1.0.0","scheme":"file"},"relativeLocation":"anteprimorac.html-end-tag-labels-1.0.0","metadata":{"installedTimestamp":1750932752114,"pinned":false,"source":"gallery","id":"373a8fcf-9125-4d72-807d-f98890a552d8","publisherId":"61f4b344-99e6-4583-a64b-a8894656fe60","publisherDisplayName":"Ante Primorac","targetPlatform":"undefined","updated":false,"private":false,"isPreReleaseVersion":false,"hasPreReleaseVersion":false}},{"identifier":{"id":"khanhtungmtp.atom-dark-low-eye","uuid":"27e6dc17-a803-449e-b0b0-75e1bd7f6365"},"version":"1.0.1","location":{"$mid":1,"path":"/c:/Users/user/.vscode/extensions/khanhtungmtp.atom-dark-low-eye-1.0.1","scheme":"file"},"relativeLocation":"khanhtungmtp.atom-dark-low-eye-1.0.1","metadata":{"installedTimestamp":1750933367163,"pinned":false,"source":"gallery","id":"27e6dc17-a803-449e-b0b0-75e1bd7f6365","publisherId":"96f3e927-921b-408e-b94f-3686d494b2f7","publisherDisplayName":"KhanhTungMTP","targetPlatform":"undefined","updated":false,"private":false,"isPreReleaseVersion":false,"hasPreReleaseVersion":false}},{"identifier":{"id":"mtuan.night-eyes-theme","uuid":"520c73be-aada-491c-b038-57c613dce37d"},"version":"0.0.81","location":{"$mid":1,"path":"/c:/Users/user/.vscode/extensions/mtuan.night-eyes-theme-0.0.81","scheme":"file"},"relativeLocation":"mtuan.night-eyes-theme-0.0.81","metadata":{"installedTimestamp":1750933389148,"pinned":false,"source":"gallery","id":"520c73be-aada-491c-b038-57c613dce37d","publisherId":"3742bb98-9e63-4559-9424-65cbb955f03e","publisherDisplayName":"ManhTuan","targetPlatform":"undefined","updated":false,"private":false,"isPreReleaseVersion":false,"hasPreReleaseVersion":false}},{"identifier":{"id":"vscode-icons-team.vscode-icons","uuid":"9ccc1dd7-7ec4-4a46-bd4f-7d7b8b9d322a"},"version":"12.13.0","location":{"$mid":1,"path":"/c:/Users/user/.vscode/extensions/vscode-icons-team.vscode-icons-12.13.0","scheme":"file"},"relativeLocation":"vscode-icons-team.vscode-icons-12.13.0","metadata":{"installedTimestamp":1750933565346,"pinned":false,"source":"gallery","id":"9ccc1dd7-7ec4-4a46-bd4f-7d7b8b9d322a","publisherId":"652ad61d-3a6a-48ca-ab1a-80dc8953b2b6","publisherDisplayName":"VSCode Icons Team","targetPlatform":"undefined","updated":false,"private":false,"isPreReleaseVersion":false,"hasPreReleaseVersion":false}},{"identifier":{"id":"tal7aouy.icons","uuid":"dcd805cf-7bf1-458e-8739-26a6077c784f"},"version":"3.8.0","location":{"$mid":1,"path":"/c:/Users/user/.vscode/extensions/tal7aouy.icons-3.8.0","scheme":"file"},"relativeLocation":"tal7aouy.icons-3.8.0","metadata":{"installedTimestamp":1750933569401,"pinned":false,"source":"gallery","id":"dcd805cf-7bf1-458e-8739-26a6077c784f","publisherId":"bc6e1246-1061-4dec-a2c3-91280d192974","publisherDisplayName":"Mhammed Talhaouy","targetPlatform":"undefined","updated":false,"private":false,"isPreReleaseVersion":false,"hasPreReleaseVersion":false}},{"identifier":{"id":"ritwickdey.liveserver","uuid":"46cc5bbd-b098-4568-9b87-f91e07d26f2d"},"version":"5.7.9","location":{"$mid":1,"path":"/c:/Users/user/.vscode/extensions/ritwickdey.liveserver-5.7.9","scheme":"file"},"relativeLocation":"ritwickdey.liveserver-5.7.9","metadata":{"installedTimestamp":1750933781385,"pinned":false,"source":"gallery","id":"46cc5bbd-b098-4568-9b87-f91e07d26f2d","publisherId":"17fd9a78-e430-4a78-add2-ade4a8830352","publisherDisplayName":"Ritwick Dey","targetPlatform":"undefined","updated":false,"private":false,"isPreReleaseVersion":false,"hasPreReleaseVersion":false}},{"identifier":{"id":"christian-kohler.path-intellisense","uuid":"a41c1549-4053-44d4-bf30-60fc809b4a86"},"version":"2.10.0","location":{"$mid":1,"path":"/c:/Users/user/.vscode/extensions/christian-kohler.path-intellisense-2.10.0","scheme":"file"},"relativeLocation":"christian-kohler.path-intellisense-2.10.0","metadata":{"installedTimestamp":1750933838757,"pinned":false,"source":"gallery","id":"a41c1549-4053-44d4-bf30-60fc809b4a86","publisherId":"a892fb38-060b-475f-9e73-2e06a8a17a68","publisherDisplayName":"Christian Kohler","targetPlatform":"undefined","updated":false,"private":false,"isPreReleaseVersion":false,"hasPreReleaseVersion":false}},{"identifier":{"id":"github.copilot-chat","uuid":"7ec7d6e6-b89e-4cc5-a59b-d6c4d238246f"},"version":"0.28.2","location":{"$mid":1,"path":"/c:/Users/user/.vscode/extensions/github.copilot-chat-0.28.2","scheme":"file"},"relativeLocation":"github.copilot-chat-0.28.2","metadata":{"installedTimestamp":1750933988631,"pinned":false,"source":"gallery","id":"7ec7d6e6-b89e-4cc5-a59b-d6c4d238246f","publisherId":"7c1c19cd-78eb-4dfb-8999-99caf7679002","publisherDisplayName":"GitHub","targetPlatform":"undefined","updated":false,"private":false,"isPreReleaseVersion":false,"hasPreReleaseVersion":false}},{"identifier":{"id":"github.copilot","uuid":"23c4aeee-f844-43cd-b53e-1113e483f1a6"},"version":"1.338.0","location":{"$mid":1,"path":"/c:/Users/user/.vscode/extensions/github.copilot-1.338.0","scheme":"file"},"relativeLocation":"github.copilot-1.338.0","metadata":{"installedTimestamp":1750933988628,"pinned":false,"source":"gallery","id":"23c4aeee-f844-43cd-b53e-1113e483f1a6","publisherId":"7c1c19cd-78eb-4dfb-8999-99caf7679002","publisherDisplayName":"GitHub","targetPlatform":"undefined","updated":false,"private":false,"isPreReleaseVersion":false,"hasPreReleaseVersion":false}}]